source_repo	old_number	new_number
incontentailanding	6	143
incontentailanding	14	144
incontentailanding	15	145
incontentailanding	16	146
incontentailanding	17	147
incontentailanding	24	148
incontentailanding	25	149
incontentailanding	29	152
linkgenserver	1	67
linkgenserver	2	68
linkgenserver	4	69
linkgenserver	5	70
linkgenserver	7	71
linkgenserver	10	72
linkgenserver	11	73
linkgenserver	12	74
linkgenserver	15	75
linkgenserver	16	76
linkgenserver	18	77
linkgenserver	19	78
linkgenserver	20	79
linkgenserver	21	80
linkgenserver	23	81
linkgenserver	25	82
linkgenserver	28	83
linkgenserver	30	84
linkgenserver	31	85
linkgenserver	37	86
linkgenserver	38	87
linkgenserver	39	88
linkgenserver	40	89
linkgenserver	41	90
linkgenserver	42	91
linkgenserver	43	150
linkgenserver	44	92
linkgenserver	45	151
linkgenserver	57	93
linkgenserver	99	94
linkgenserver	100	95
linkgenserver	101	96
linkgenserver	102	97
linkgenserver	103	98
linkgenserver	104	99
linkgenserver	105	100
linkgenserver	106	101
linkgenserver	107	102
linkgenserver	108	103
linkgenserver	109	104
linkgenserver	110	105
linkgenserver	111	106
linkgenserver	112	107
linkgenserver	113	108
linkgenserver	114	109
linkgenserver	115	110
linkgenserver	116	111
linkgenserver	117	112
linkgenserver	118	113
linkgenserver	119	114
linkgenserver	120	115
linkgenserver	121	116
linkgenserver	122	117
linkgenserver	123	118
linkgenserver	124	119
linkgenserver	125	120
linkgenserver	126	121
linkgenserver	127	122
linkgenserver	128	123
linkgenserver	129	124
linkgenserver	143	125
linkgenserver	144	126
linkgenserver	145	127
linkgenserver	146	128
linkgenserver	147	129
linkgenserver	148	130
linkgenserver	157	131
linkgenserver	158	132
linkgenserver	159	133
linkgenserver	160	134
linkgenserver	161	135
linkgenserver	162	136
linkgenserver	163	137
linkgenserver	164	138
linkgenserver	165	139
linkgenserver	166	140
linkgenserver	167	141
linkgenserver	168	142
